﻿<?xml version="1.0" encoding="UTF-8" standalone="yes"?>

<!-- About Timezone and daylight saving time - (DST) / SUMMER TIME. -->
<!-- Link:                                                -->
<!-- http://www.worldtimezone.com/ -->

<language locale="fr">
  <regions>
    <region name="France" locale="FR">
      <dateshort>DD/MM/YYYY</dateshort>
      <datelong>DDDD D MMMM YYYY</datelong>
      <time symbolAM="" symbolPM="">H:mm:ss</time>
      <tempunit>C</tempunit>
      <speedunit>kmh</speedunit>
      <timezone>CEST</timezone>
    </region>

    <region name="Belgique" locale="BE">
      <dateshort>DD/MM/YYYY</dateshort>
      <datelong>DDDD D MMMM YYYY</datelong>
      <time symbolAM="" symbolPM="">H:mm:ss</time>
      <tempunit>C</tempunit>
      <speedunit>kmh</speedunit>
      <timezone>CEST</timezone>
    </region>

    <region name="Luxembourg" locale="LU">
      <dateshort>DD/MM/YYYY</dateshort>
      <datelong>DDDD D MMMM YYYY</datelong>
      <time symbolAM="" symbolPM="">H:mm:ss</time>
      <tempunit>C</tempunit>
      <speedunit>kmh</speedunit>
      <timezone>CEST</timezone>
    </region>

    <region name="Suisse" locale="CH">
      <dateshort>DD/MM/YYYY</dateshort>
      <datelong>DDDD D MMMM YYYY</datelong>
      <time symbolAM="" symbolPM="">H:mm:ss</time>
      <tempunit>C</tempunit>
      <speedunit>kmh</speedunit>
      <timezone>CEST</timezone>
    </region>

    <region name="Principauté de Monaco" locale="MC">
      <dateshort>DD/MM/YYYY</dateshort>
      <datelong>DDDD D MMMM YYYY</datelong>
      <time symbolAM="" symbolPM="">H:mm:ss</time>
      <tempunit>C</tempunit>
      <speedunit>kmh</speedunit>
      <timezone>CEST</timezone>
    </region>

    <region name="Canada" locale="CA">
      <dateshort>DD/MM/YYYY</dateshort>
      <datelong>DDDD D MMMM YYYY</datelong>
      <time symbolAM="" symbolPM="">H:mm:ss</time>
      <tempunit>C</tempunit>
      <speedunit>kmh</speedunit>
      <timezone>EST</timezone>
    </region>
      
    <!-- For USA timezone is set EST, french lang only: For peoples french  stay in Florida -->
    <region name="USA" locale="US">
      <dateshort>MM/DD/YYYY</dateshort>
      <datelong>DDDD, MMMM D, YYYY</datelong>
      <time symbolAM="AM" symbolPM="PM">h:mm:ss xx</time>
      <tempunit>F</tempunit>
      <speedunit>mph</speedunit>
      <timezone>EST</timezone>
    </region>

    <region name="UK" locale="GB">
      <dateshort>DD/MM/YYYY</dateshort>
      <datelong>DDDD, D MMMM YYYY</datelong>
      <time symbolAM="" symbolPM="">H:mm:ss</time>
      <tempunit>C</tempunit>
      <speedunit>kmh</speedunit>
      <timezone>GMT</timezone>
    </region>
  </regions>
</language>

﻿<?xml version="1.0" encoding="UTF-8" standalone="yes"?>

<!-- About Timezone and daylight saving time - (DST) / SUMMER TIME. -->
<!-- Link:                                                -->
<!-- http://www.worldtimezone.com/ -->

<language locale="fr">
  <regions>
    <region name="France" locale="FR">
      <dateshort>DD/MM/YYYY</dateshort>
      <datelong>DDDD D MMMM YYYY</datelong>
      <time symbolAM="" symbolPM="">H:mm:ss</time>
      <tempunit>C</tempunit>
      <speedunit>kmh</speedunit>
      <timezone>CEST</timezone>
    </region>

    <region name="Belgique" locale="BE">
      <dateshort>DD/MM/YYYY</dateshort>
      <datelong>DDDD D MMMM YYYY</datelong>
      <time symbolAM="" symbolPM="">H:mm:ss</time>
      <tempunit>C</tempunit>
      <speedunit>kmh</speedunit>
      <timezone>CEST</timezone>
    </region>

    <region name="Luxembourg" locale="LU">
      <dateshort>DD/MM/YYYY</dateshort>
      <datelong>DDDD D MMMM YYYY</datelong>
      <time symbolAM="" symbolPM="">H:mm:ss</time>
      <tempunit>C</tempunit>
      <speedunit>kmh</speedunit>
      <timezone>CEST</timezone>
    </region>

    <region name="Suisse" locale="CH">
      <dateshort>DD/MM/YYYY</dateshort>
      <datelong>DDDD D MMMM YYYY</datelong>
      <time symbolAM="" symbolPM="">H:mm:ss</time>
      <tempunit>C</tempunit>
      <speedunit>kmh</speedunit>
      <timezone>CEST</timezone>
    </region>

    <region name="Principauté de Monaco" locale="MC">
      <dateshort>DD/MM/YYYY</dateshort>
      <datelong>DDDD D MMMM YYYY</datelong>
      <time symbolAM="" symbolPM="">H:mm:ss</time>
      <tempunit>C</tempunit>
      <speedunit>kmh</speedunit>
      <timezone>CEST</timezone>
    </region>

    <region name="Canada" locale="CA">
      <dateshort>DD/MM/YYYY</dateshort>
      <datelong>DDDD D MMMM YYYY</datelong>
      <time symbolAM="" symbolPM="">H:mm:ss</time>
      <tempunit>C</tempunit>
      <speedunit>kmh</speedunit>
      <timezone>EST</timezone>
    </region>
      
    <!-- For USA timezone is set EST, french lang only: For peoples french  stay in Florida -->
    <region name="USA" locale="US">
      <dateshort>MM/DD/YYYY</dateshort>
      <datelong>DDDD, MMMM D, YYYY</datelong>
      <time symbolAM="AM" symbolPM="PM">h:mm:ss xx</time>
      <tempunit>F</tempunit>
      <speedunit>mph</speedunit>
      <timezone>EST</timezone>
    </region>

    <region name="UK" locale="GB">
      <dateshort>DD/MM/YYYY</dateshort>
      <datelong>DDDD, D MMMM YYYY</datelong>
      <time symbolAM="" symbolPM="">H:mm:ss</time>
      <tempunit>C</tempunit>
      <speedunit>kmh</speedunit>
      <timezone>GMT</timezone>
    </region>
  </regions>
</language>

