﻿<?xml version="1.0" encoding="UTF-8" standalone="yes"?>
<language locale="fo">
  <regions>
    <region locale="FO">
      <dateshort>DD-MM-YYYY</dateshort>
      <datelong>D. MMMM YYYY</datelong>
      <time symbolAM="" symbolPM="">H:mm:ss</time>
      <tempunit>C</tempunit>
      <speedunit>mps</speedunit>
    </region>
  </regions>
</language>
﻿<?xml version="1.0" encoding="UTF-8" standalone="yes"?>
<language locale="fo">
  <regions>
    <region locale="FO">
      <dateshort>DD-MM-YYYY</dateshort>
      <datelong>D. MMMM YYYY</datelong>
      <time symbolAM="" symbolPM="">H:mm:ss</time>
      <tempunit>C</tempunit>
      <speedunit>mps</speedunit>
    </region>
  </regions>
</language>
