﻿<?xml version="1.0" encoding="UTF-8" standalone="yes"?>
<language locale="sv">
  <regions>
    <region name="Sweden" locale="SE">
      <dateshort>YYYY-MM-DD</dateshort>
      <datelong>'den 'D MMMM YYYY</datelong>
      <time symbolAM="" symbolPM="">HH:mm:ss</time>
      <tempunit>C</tempunit>
      <speedunit>mps</speedunit>
      <timezone>CEST</timezone>
    </region>
  </regions>
</language>
﻿<?xml version="1.0" encoding="UTF-8" standalone="yes"?>
<language locale="sv">
  <regions>
    <region name="Sweden" locale="SE">
      <dateshort>YYYY-MM-DD</dateshort>
      <datelong>'den 'D MMMM YYYY</datelong>
      <time symbolAM="" symbolPM="">HH:mm:ss</time>
      <tempunit>C</tempunit>
      <speedunit>mps</speedunit>
      <timezone>CEST</timezone>
    </region>
  </regions>
</language>
