<?xml version="1.0" encoding="UTF-8"?>
<addon
  id="resource.language.sq_al"
  version="1.0.3"
  name="Albanian"
  provider-name="Team Kodi">
  <requires>
    <import addon="kodi.resource" version="1.0.0"/>
  </requires>
  <extension
    point="kodi.resource.language"
    locale="sq_AL">
    <charsets>
      <gui>CP1251</gui>
      <subtitle>CP1251</subtitle>
    </charsets>
  </extension>
  <extension point="kodi.addon.metadata">
    <summary lang="en">Albanian language pack</summary>
    <description lang="en">Albanian version of all texts used in Kodi.</description>
    <platform>all</platform>
  </extension>
</addon>
<?xml version="1.0" encoding="UTF-8"?>
<addon
  id="resource.language.sq_al"
  version="1.0.3"
  name="Albanian"
  provider-name="Team Kodi">
  <requires>
    <import addon="kodi.resource" version="1.0.0"/>
  </requires>
  <extension
    point="kodi.resource.language"
    locale="sq_AL">
    <charsets>
      <gui>CP1251</gui>
      <subtitle>CP1251</subtitle>
    </charsets>
  </extension>
  <extension point="kodi.addon.metadata">
    <summary lang="en">Albanian language pack</summary>
    <description lang="en">Albanian version of all texts used in Kodi.</description>
    <platform>all</platform>
  </extension>
</addon>
