﻿<?xml version="1.0" encoding="UTF-8" standalone="yes"?>
<language locale="is">
  <regions>
    <region name="IS" locale="IS">
      <dateshort>D.M.YYYY</dateshort>
      <datelong>DDDD, D. MMMM YYYY</datelong>
      <time symbolAM="" symbolPM="">HH:mm:ss</time>
      <tempunit>C</tempunit>
      <speedunit>kmh</speedunit>
      <timezone>GMT</timezone>
    </region>
  </regions>
</language>
﻿<?xml version="1.0" encoding="UTF-8" standalone="yes"?>
<language locale="is">
  <regions>
    <region name="IS" locale="IS">
      <dateshort>D.M.YYYY</dateshort>
      <datelong>DDDD, D. MMMM YYYY</datelong>
      <time symbolAM="" symbolPM="">HH:mm:ss</time>
      <tempunit>C</tempunit>
      <speedunit>kmh</speedunit>
      <timezone>GMT</timezone>
    </region>
  </regions>
</language>
