﻿<?xml version="1.0" encoding="UTF-8" standalone="yes"?>
<language locale="eo">
  <regions>
    <region locale="US">
      <dateshort>DD.MM.YYYY</dateshort>
      <datelong>DDDD, D MMMM YYYY</datelong>
      <time symbolAM="" symbolPM="">HH:mm:ss</time>
      <tempunit>C</tempunit>
      <speedunit>kmh</speedunit>
    </region>
  </regions>
</language>

﻿<?xml version="1.0" encoding="UTF-8" standalone="yes"?>
<language locale="eo">
  <regions>
    <region locale="US">
      <dateshort>DD.MM.YYYY</dateshort>
      <datelong>DDDD, D MMMM YYYY</datelong>
      <time symbolAM="" symbolPM="">HH:mm:ss</time>
      <tempunit>C</tempunit>
      <speedunit>kmh</speedunit>
    </region>
  </regions>
</language>

