<?xml version="1.0" encoding="UTF-8" standalone="yes"?>
<addon id="script.openwindow" name="Startup Wizard" version="3.1.3" provider-name="Total Revolution">
	<requires>
		<import addon="xbmc.python" version="2.1.0"/>
		<import addon="script.module.python.koding.aio" version="0.5"/>
	</requires>
	<extension point="xbmc.python.script" library="default.py" >
		<provides>executable</provides>
	</extension>
	<extension point="xbmc.service" library="service.py" start="[login|startup]" />
	<extension point="xbmc.addon.metadata">
		<summary lang="en"></summary>
		<description lang="en"></description>
		<platform>all</platform>
		<language>en</language>
		<license>Creative Commons 4.0-NC-ND</license>
		<news>New keyword system and faster load on restart</news>
	</extension>
</addon>
