﻿<?xml version="1.0" encoding="utf-8" standalone="yes"?>
<language locale="tr">
  <regions>
    <region name="Türkiye" locale="TR">
      <dateshort>DD.MM.YYYY</dateshort>
      <datelong>DDDD, D MMMM YYYY</datelong>
      <time symbolAM="" symbolPM="">HH:mm:ss</time>
      <tempunit>C</tempunit>
      <speedunit>kmh</speedunit>
      <timezone>EET</timezone>
    </region>
  </regions>
</language>﻿<?xml version="1.0" encoding="utf-8" standalone="yes"?>
<language locale="tr">
  <regions>
    <region name="Türkiye" locale="TR">
      <dateshort>DD.MM.YYYY</dateshort>
      <datelong>DDDD, D MMMM YYYY</datelong>
      <time symbolAM="" symbolPM="">HH:mm:ss</time>
      <tempunit>C</tempunit>
      <speedunit>kmh</speedunit>
      <timezone>EET</timezone>
    </region>
  </regions>
</language>