<?xml version="1.0" encoding="UTF-8" standalone="yes"?>
<language locale="sl">
  <regions>
    <region name="Slovenija" locale="SI">
      <dateshort>D. M. YYYY</dateshort>
      <datelong>D. MMMM YYYY</datelong>
      <time symbolAM="" symbolPM="">H:mm:ss</time>
      <tempunit>C</tempunit>
      <speedunit>kmh</speedunit>
      <timezone>CEST</timezone>
    </region>
  </regions>
</language>
<?xml version="1.0" encoding="UTF-8" standalone="yes"?>
<language locale="sl">
  <regions>
    <region name="Slovenija" locale="SI">
      <dateshort>D. M. YYYY</dateshort>
      <datelong>D. MMMM YYYY</datelong>
      <time symbolAM="" symbolPM="">H:mm:ss</time>
      <tempunit>C</tempunit>
      <speedunit>kmh</speedunit>
      <timezone>CEST</timezone>
    </region>
  </regions>
</language>
