<?xml version="1.0" encoding="UTF-8"?>
<language locale="mk">
  <regions>
    <region name="Skopje, Macedonia" locale="MK">
      <dateshort>YYYY-MM-DD</dateshort>
      <datelong>DDDD, D MMMM YYYY</datelong>
      <time symbolAM="" symbolPM="">H:mm:ss</time>
      <tempunit>C</tempunit>
      <speedunit>kmh</speedunit>
      <timezone>CEST</timezone>
    </region>
  </regions>
</language>
<?xml version="1.0" encoding="UTF-8"?>
<language locale="mk">
  <regions>
    <region name="Skopje, Macedonia" locale="MK">
      <dateshort>YYYY-MM-DD</dateshort>
      <datelong>DDDD, D MMMM YYYY</datelong>
      <time symbolAM="" symbolPM="">H:mm:ss</time>
      <tempunit>C</tempunit>
      <speedunit>kmh</speedunit>
      <timezone>CEST</timezone>
    </region>
  </regions>
</language>
