<?xml version="1.0" encoding="UTF-8" standalone="yes"?>
<addon id="plugin.program.totalinstaller" name=" [COLOR=dodgerblue]C[/COLOR][COLOR ghostwhite]ommunity[/COLOR] [COLOR=dodgerblue]P[/COLOR][COLOR ghostwhite]ortal[/COLOR]" version="3.2.1" provider-name="noobsandnerds.com">
  <requires>
    <import addon="xbmc.python" version="2.1.0"/>
  </requires>
  <extension point="xbmc.python.pluginsource" library="login.py">
        <provides>executable</provides>
  </extension>
  <extension point="xbmc.service" library="service.py" start="startup" />
  <extension point="xbmc.addon.metadata">
    <summary lang="en">[COLOR=ghostwhite]C[/COLOR][COLOR dodgerblue]ommunity[/COLOR] [COLOR=ghostwhite]P[/COLOR][COLOR dodgerblue]ortal[/COLOR]</summary>
	<description>Your all in one Installer. The simplest way to have a fully setup system in a matter of minutes. Visit www.noobsandnerds.com and become a part of our great family, you get to choose what The Community Portal holds!</description>
    <ref>870d9a8d74aae8b9f15f19788a319ac0</ref>
    <platform>all</platform>
  </extension>
</addon>
