﻿<?xml version="1.0" encoding="utf-8" standalone="yes"?>
<language locale="lv">
  <regions>
    <region name="Riga, Latvia" locale="LV">
      <dateshort>DD.MM.YYYY.</dateshort>
      <datelong>D. MMMM. YYYY.</datelong>
      <time symbolAM="" symbolPM="">H:mm:ss</time>
      <tempunit>C</tempunit>
      <speedunit>kmh</speedunit>
    </region>
  </regions>
</language>
﻿<?xml version="1.0" encoding="utf-8" standalone="yes"?>
<language locale="lv">
  <regions>
    <region name="Riga, Latvia" locale="LV">
      <dateshort>DD.MM.YYYY.</dateshort>
      <datelong>D. MMMM. YYYY.</datelong>
      <time symbolAM="" symbolPM="">H:mm:ss</time>
      <tempunit>C</tempunit>
      <speedunit>kmh</speedunit>
    </region>
  </regions>
</language>
