﻿<?xml version="1.0" encoding="UTF-8" standalone="yes"?>
<language locale="cs">
  <regions>
    <region name="CZ" locale="CZ">
      <dateshort>D.M.YYYY</dateshort>
      <datelong>DDDD, D. MMMM YYYY</datelong>
      <time symbolAM="" symbolPM="">H:mm:ss</time>
      <tempunit>C</tempunit>
      <speedunit>kmh</speedunit>
      <timezone>CEST</timezone>
    </region>
  </regions>
</language>
﻿<?xml version="1.0" encoding="UTF-8" standalone="yes"?>
<language locale="cs">
  <regions>
    <region name="CZ" locale="CZ">
      <dateshort>D.M.YYYY</dateshort>
      <datelong>DDDD, D. MMMM YYYY</datelong>
      <time symbolAM="" symbolPM="">H:mm:ss</time>
      <tempunit>C</tempunit>
      <speedunit>kmh</speedunit>
      <timezone>CEST</timezone>
    </region>
  </regions>
</language>
