<?xml version="1.0" encoding="UTF-8"?>
<addon
  id="resource.language.zh_cn"
  version="1.0.4"
  name="Chinese (Simple)"
  provider-name="Team Kodi">
  <requires>
    <import addon="kodi.resource" version="1.0.0"/>
  </requires>
  <extension
    point="kodi.resource.language"
    locale="zh_CN">
    <charsets>
      <gui unicodefont="true">CP936</gui>
      <subtitle>CP936</subtitle>
    </charsets>
  </extension>
  <extension point="kodi.addon.metadata">
    <summary lang="en">Chinese (Simple) language pack</summary>
    <description lang="en">Chinese (Simple) version of all texts used in Kodi.</description>
    <platform>all</platform>
  </extension>
</addon>
<?xml version="1.0" encoding="UTF-8"?>
<addon
  id="resource.language.zh_cn"
  version="1.0.4"
  name="Chinese (Simple)"
  provider-name="Team Kodi">
  <requires>
    <import addon="kodi.resource" version="1.0.0"/>
  </requires>
  <extension
    point="kodi.resource.language"
    locale="zh_CN">
    <charsets>
      <gui unicodefont="true">CP936</gui>
      <subtitle>CP936</subtitle>
    </charsets>
  </extension>
  <extension point="kodi.addon.metadata">
    <summary lang="en">Chinese (Simple) language pack</summary>
    <description lang="en">Chinese (Simple) version of all texts used in Kodi.</description>
    <platform>all</platform>
  </extension>
</addon>
