﻿<?xml version="1.0" encoding="utf-8" standalone="yes"?>
<language locale="el">
  <regions>
    <region name="Ελλάδα" locale="GR">
      <dateshort>DD-MM-YYYY</dateshort>
      <datelong>DDDD, D MMMM YYYY</datelong>
      <time symbolAM="πμ" symbolPM="μμ">H:mm:ss</time>
      <tempunit>C</tempunit>
      <speedunit>beaufort</speedunit>
    </region>
    <region name="Κύπρος" locale="CY">
      <dateshort>DD.MM.YYYY</dateshort>
      <datelong>DDDD, D MMMM YYYY</datelong>
      <time symbolAM="πμ" symbolPM="μμ">H,mm,ss</time>
      <tempunit>C</tempunit>
      <speedunit>kmh</speedunit>
    </region>
  </regions>
</language>﻿<?xml version="1.0" encoding="utf-8" standalone="yes"?>
<language locale="el">
  <regions>
    <region name="Ελλάδα" locale="GR">
      <dateshort>DD-MM-YYYY</dateshort>
      <datelong>DDDD, D MMMM YYYY</datelong>
      <time symbolAM="πμ" symbolPM="μμ">H:mm:ss</time>
      <tempunit>C</tempunit>
      <speedunit>beaufort</speedunit>
    </region>
    <region name="Κύπρος" locale="CY">
      <dateshort>DD.MM.YYYY</dateshort>
      <datelong>DDDD, D MMMM YYYY</datelong>
      <time symbolAM="πμ" symbolPM="μμ">H,mm,ss</time>
      <tempunit>C</tempunit>
      <speedunit>kmh</speedunit>
    </region>
  </regions>
</language>